--
-- PostgreSQL database dump
--

\restrict AgMr8JLhPoUOjpecKOEAT6vIK7IxPEusOeic071axNNayBNx7PMPexCa1wDebXx

-- Dumped from database version 18.2
-- Dumped by pg_dump version 18.2

SET statement_timeout = 0;
SET lock_timeout = 0;
SET idle_in_transaction_session_timeout = 0;
SET transaction_timeout = 0;
SET client_encoding = 'UTF8';
SET standard_conforming_strings = on;
SELECT pg_catalog.set_config('search_path', '', false);
SET check_function_bodies = false;
SET xmloption = content;
SET client_min_messages = warning;
SET row_security = off;

SET default_tablespace = '';

SET default_table_access_method = heap;

--
-- Name: adminpanel_adminuser; Type: TABLE; Schema: public; Owner: postgres
--

CREATE TABLE public.adminpanel_adminuser (
    id bigint NOT NULL,
    username character varying(150) NOT NULL,
    email character varying(254) NOT NULL,
    password character varying(255) NOT NULL,
    is_active boolean NOT NULL,
    created_at timestamp with time zone NOT NULL
);


ALTER TABLE public.adminpanel_adminuser OWNER TO postgres;

--
-- Name: adminpanel_adminuser_id_seq; Type: SEQUENCE; Schema: public; Owner: postgres
--

ALTER TABLE public.adminpanel_adminuser ALTER COLUMN id ADD GENERATED BY DEFAULT AS IDENTITY (
    SEQUENCE NAME public.adminpanel_adminuser_id_seq
    START WITH 1
    INCREMENT BY 1
    NO MINVALUE
    NO MAXVALUE
    CACHE 1
);


--
-- Name: auth_group; Type: TABLE; Schema: public; Owner: postgres
--

CREATE TABLE public.auth_group (
    id integer NOT NULL,
    name character varying(150) NOT NULL
);


ALTER TABLE public.auth_group OWNER TO postgres;

--
-- Name: auth_group_id_seq; Type: SEQUENCE; Schema: public; Owner: postgres
--

ALTER TABLE public.auth_group ALTER COLUMN id ADD GENERATED BY DEFAULT AS IDENTITY (
    SEQUENCE NAME public.auth_group_id_seq
    START WITH 1
    INCREMENT BY 1
    NO MINVALUE
    NO MAXVALUE
    CACHE 1
);


--
-- Name: auth_group_permissions; Type: TABLE; Schema: public; Owner: postgres
--

CREATE TABLE public.auth_group_permissions (
    id bigint NOT NULL,
    group_id integer NOT NULL,
    permission_id integer NOT NULL
);


ALTER TABLE public.auth_group_permissions OWNER TO postgres;

--
-- Name: auth_group_permissions_id_seq; Type: SEQUENCE; Schema: public; Owner: postgres
--

ALTER TABLE public.auth_group_permissions ALTER COLUMN id ADD GENERATED BY DEFAULT AS IDENTITY (
    SEQUENCE NAME public.auth_group_permissions_id_seq
    START WITH 1
    INCREMENT BY 1
    NO MINVALUE
    NO MAXVALUE
    CACHE 1
);


--
-- Name: auth_permission; Type: TABLE; Schema: public; Owner: postgres
--

CREATE TABLE public.auth_permission (
    id integer NOT NULL,
    name character varying(255) NOT NULL,
    content_type_id integer NOT NULL,
    codename character varying(100) NOT NULL
);


ALTER TABLE public.auth_permission OWNER TO postgres;

--
-- Name: auth_permission_id_seq; Type: SEQUENCE; Schema: public; Owner: postgres
--

ALTER TABLE public.auth_permission ALTER COLUMN id ADD GENERATED BY DEFAULT AS IDENTITY (
    SEQUENCE NAME public.auth_permission_id_seq
    START WITH 1
    INCREMENT BY 1
    NO MINVALUE
    NO MAXVALUE
    CACHE 1
);


--
-- Name: auth_user; Type: TABLE; Schema: public; Owner: postgres
--

CREATE TABLE public.auth_user (
    id integer NOT NULL,
    password character varying(128) NOT NULL,
    last_login timestamp with time zone,
    is_superuser boolean NOT NULL,
    username character varying(150) NOT NULL,
    first_name character varying(150) NOT NULL,
    last_name character varying(150) NOT NULL,
    email character varying(254) NOT NULL,
    is_staff boolean NOT NULL,
    is_active boolean NOT NULL,
    date_joined timestamp with time zone NOT NULL
);


ALTER TABLE public.auth_user OWNER TO postgres;

--
-- Name: auth_user_groups; Type: TABLE; Schema: public; Owner: postgres
--

CREATE TABLE public.auth_user_groups (
    id bigint NOT NULL,
    user_id integer NOT NULL,
    group_id integer NOT NULL
);


ALTER TABLE public.auth_user_groups OWNER TO postgres;

--
-- Name: auth_user_groups_id_seq; Type: SEQUENCE; Schema: public; Owner: postgres
--

ALTER TABLE public.auth_user_groups ALTER COLUMN id ADD GENERATED BY DEFAULT AS IDENTITY (
    SEQUENCE NAME public.auth_user_groups_id_seq
    START WITH 1
    INCREMENT BY 1
    NO MINVALUE
    NO MAXVALUE
    CACHE 1
);


--
-- Name: auth_user_id_seq; Type: SEQUENCE; Schema: public; Owner: postgres
--

ALTER TABLE public.auth_user ALTER COLUMN id ADD GENERATED BY DEFAULT AS IDENTITY (
    SEQUENCE NAME public.auth_user_id_seq
    START WITH 1
    INCREMENT BY 1
    NO MINVALUE
    NO MAXVALUE
    CACHE 1
);


--
-- Name: auth_user_user_permissions; Type: TABLE; Schema: public; Owner: postgres
--

CREATE TABLE public.auth_user_user_permissions (
    id bigint NOT NULL,
    user_id integer NOT NULL,
    permission_id integer NOT NULL
);


ALTER TABLE public.auth_user_user_permissions OWNER TO postgres;

--
-- Name: auth_user_user_permissions_id_seq; Type: SEQUENCE; Schema: public; Owner: postgres
--

ALTER TABLE public.auth_user_user_permissions ALTER COLUMN id ADD GENERATED BY DEFAULT AS IDENTITY (
    SEQUENCE NAME public.auth_user_user_permissions_id_seq
    START WITH 1
    INCREMENT BY 1
    NO MINVALUE
    NO MAXVALUE
    CACHE 1
);


--
-- Name: customer_address; Type: TABLE; Schema: public; Owner: postgres
--

CREATE TABLE public.customer_address (
    id bigint NOT NULL,
    full_name character varying(150) NOT NULL,
    phone character varying(15) NOT NULL,
    address_line text NOT NULL,
    city character varying(100) NOT NULL,
    state character varying(100) NOT NULL,
    pincode character varying(10) NOT NULL,
    is_default boolean NOT NULL,
    user_id integer NOT NULL
);


ALTER TABLE public.customer_address OWNER TO postgres;

--
-- Name: customer_address_id_seq; Type: SEQUENCE; Schema: public; Owner: postgres
--

ALTER TABLE public.customer_address ALTER COLUMN id ADD GENERATED BY DEFAULT AS IDENTITY (
    SEQUENCE NAME public.customer_address_id_seq
    START WITH 1
    INCREMENT BY 1
    NO MINVALUE
    NO MAXVALUE
    CACHE 1
);


--
-- Name: customer_banner; Type: TABLE; Schema: public; Owner: postgres
--

CREATE TABLE public.customer_banner (
    id bigint NOT NULL,
    title character varying(200) NOT NULL,
    subtitle character varying(300) NOT NULL,
    image character varying(100) NOT NULL,
    is_active boolean NOT NULL,
    created_at timestamp with time zone NOT NULL
);


ALTER TABLE public.customer_banner OWNER TO postgres;

--
-- Name: customer_banner_id_seq; Type: SEQUENCE; Schema: public; Owner: postgres
--

ALTER TABLE public.customer_banner ALTER COLUMN id ADD GENERATED BY DEFAULT AS IDENTITY (
    SEQUENCE NAME public.customer_banner_id_seq
    START WITH 1
    INCREMENT BY 1
    NO MINVALUE
    NO MAXVALUE
    CACHE 1
);


--
-- Name: customer_bannerimage; Type: TABLE; Schema: public; Owner: postgres
--

CREATE TABLE public.customer_bannerimage (
    id bigint NOT NULL,
    image character varying(100) NOT NULL,
    "order" integer NOT NULL,
    banner_id bigint NOT NULL,
    CONSTRAINT customer_bannerimage_order_check CHECK (("order" >= 0))
);


ALTER TABLE public.customer_bannerimage OWNER TO postgres;

--
-- Name: customer_bannerimage_id_seq; Type: SEQUENCE; Schema: public; Owner: postgres
--

ALTER TABLE public.customer_bannerimage ALTER COLUMN id ADD GENERATED BY DEFAULT AS IDENTITY (
    SEQUENCE NAME public.customer_bannerimage_id_seq
    START WITH 1
    INCREMENT BY 1
    NO MINVALUE
    NO MAXVALUE
    CACHE 1
);


--
-- Name: customer_userotp; Type: TABLE; Schema: public; Owner: postgres
--

CREATE TABLE public.customer_userotp (
    id bigint NOT NULL,
    otp character varying(6) NOT NULL,
    created_at timestamp with time zone NOT NULL,
    attempts integer NOT NULL,
    user_id integer NOT NULL
);


ALTER TABLE public.customer_userotp OWNER TO postgres;

--
-- Name: customer_userotp_id_seq; Type: SEQUENCE; Schema: public; Owner: postgres
--

ALTER TABLE public.customer_userotp ALTER COLUMN id ADD GENERATED BY DEFAULT AS IDENTITY (
    SEQUENCE NAME public.customer_userotp_id_seq
    START WITH 1
    INCREMENT BY 1
    NO MINVALUE
    NO MAXVALUE
    CACHE 1
);


--
-- Name: customer_userprofile; Type: TABLE; Schema: public; Owner: postgres
--

CREATE TABLE public.customer_userprofile (
    id bigint NOT NULL,
    phone character varying(15) NOT NULL,
    profile_image character varying(100),
    user_id integer NOT NULL
);


ALTER TABLE public.customer_userprofile OWNER TO postgres;

--
-- Name: customer_userprofile_id_seq; Type: SEQUENCE; Schema: public; Owner: postgres
--

ALTER TABLE public.customer_userprofile ALTER COLUMN id ADD GENERATED BY DEFAULT AS IDENTITY (
    SEQUENCE NAME public.customer_userprofile_id_seq
    START WITH 1
    INCREMENT BY 1
    NO MINVALUE
    NO MAXVALUE
    CACHE 1
);


--
-- Name: django_admin_log; Type: TABLE; Schema: public; Owner: postgres
--

CREATE TABLE public.django_admin_log (
    id integer NOT NULL,
    action_time timestamp with time zone NOT NULL,
    object_id text,
    object_repr character varying(200) NOT NULL,
    action_flag smallint NOT NULL,
    change_message text NOT NULL,
    content_type_id integer,
    user_id integer NOT NULL,
    CONSTRAINT django_admin_log_action_flag_check CHECK ((action_flag >= 0))
);


ALTER TABLE public.django_admin_log OWNER TO postgres;

--
-- Name: django_admin_log_id_seq; Type: SEQUENCE; Schema: public; Owner: postgres
--

ALTER TABLE public.django_admin_log ALTER COLUMN id ADD GENERATED BY DEFAULT AS IDENTITY (
    SEQUENCE NAME public.django_admin_log_id_seq
    START WITH 1
    INCREMENT BY 1
    NO MINVALUE
    NO MAXVALUE
    CACHE 1
);


--
-- Name: django_content_type; Type: TABLE; Schema: public; Owner: postgres
--

CREATE TABLE public.django_content_type (
    id integer NOT NULL,
    app_label character varying(100) NOT NULL,
    model character varying(100) NOT NULL
);


ALTER TABLE public.django_content_type OWNER TO postgres;

--
-- Name: django_content_type_id_seq; Type: SEQUENCE; Schema: public; Owner: postgres
--

ALTER TABLE public.django_content_type ALTER COLUMN id ADD GENERATED BY DEFAULT AS IDENTITY (
    SEQUENCE NAME public.django_content_type_id_seq
    START WITH 1
    INCREMENT BY 1
    NO MINVALUE
    NO MAXVALUE
    CACHE 1
);


--
-- Name: django_migrations; Type: TABLE; Schema: public; Owner: postgres
--

CREATE TABLE public.django_migrations (
    id bigint NOT NULL,
    app character varying(255) NOT NULL,
    name character varying(255) NOT NULL,
    applied timestamp with time zone NOT NULL
);


ALTER TABLE public.django_migrations OWNER TO postgres;

--
-- Name: django_migrations_id_seq; Type: SEQUENCE; Schema: public; Owner: postgres
--

ALTER TABLE public.django_migrations ALTER COLUMN id ADD GENERATED BY DEFAULT AS IDENTITY (
    SEQUENCE NAME public.django_migrations_id_seq
    START WITH 1
    INCREMENT BY 1
    NO MINVALUE
    NO MAXVALUE
    CACHE 1
);


--
-- Name: django_session; Type: TABLE; Schema: public; Owner: postgres
--

CREATE TABLE public.django_session (
    session_key character varying(40) NOT NULL,
    session_data text NOT NULL,
    expire_date timestamp with time zone NOT NULL
);


ALTER TABLE public.django_session OWNER TO postgres;

--
-- Name: orders_address; Type: TABLE; Schema: public; Owner: postgres
--

CREATE TABLE public.orders_address (
    id bigint NOT NULL,
    full_name character varying(100) NOT NULL,
    phone character varying(15) NOT NULL,
    area character varying(200) NOT NULL,
    city character varying(100) NOT NULL,
    state character varying(100) NOT NULL,
    pincode character varying(6) NOT NULL,
    is_default boolean NOT NULL,
    created_at timestamp with time zone NOT NULL,
    user_id integer NOT NULL
);


ALTER TABLE public.orders_address OWNER TO postgres;

--
-- Name: orders_address_id_seq; Type: SEQUENCE; Schema: public; Owner: postgres
--

ALTER TABLE public.orders_address ALTER COLUMN id ADD GENERATED BY DEFAULT AS IDENTITY (
    SEQUENCE NAME public.orders_address_id_seq
    START WITH 1
    INCREMENT BY 1
    NO MINVALUE
    NO MAXVALUE
    CACHE 1
);


--
-- Name: orders_cart; Type: TABLE; Schema: public; Owner: postgres
--

CREATE TABLE public.orders_cart (
    id bigint NOT NULL,
    created_at timestamp with time zone NOT NULL,
    user_id integer NOT NULL
);


ALTER TABLE public.orders_cart OWNER TO postgres;

--
-- Name: orders_cart_id_seq; Type: SEQUENCE; Schema: public; Owner: postgres
--

ALTER TABLE public.orders_cart ALTER COLUMN id ADD GENERATED BY DEFAULT AS IDENTITY (
    SEQUENCE NAME public.orders_cart_id_seq
    START WITH 1
    INCREMENT BY 1
    NO MINVALUE
    NO MAXVALUE
    CACHE 1
);


--
-- Name: orders_cartitem; Type: TABLE; Schema: public; Owner: postgres
--

CREATE TABLE public.orders_cartitem (
    id bigint NOT NULL,
    quantity integer NOT NULL,
    cart_id bigint NOT NULL,
    variant_id bigint NOT NULL,
    CONSTRAINT orders_cartitem_quantity_check CHECK ((quantity >= 0))
);


ALTER TABLE public.orders_cartitem OWNER TO postgres;

--
-- Name: orders_cartitem_id_seq; Type: SEQUENCE; Schema: public; Owner: postgres
--

ALTER TABLE public.orders_cartitem ALTER COLUMN id ADD GENERATED BY DEFAULT AS IDENTITY (
    SEQUENCE NAME public.orders_cartitem_id_seq
    START WITH 1
    INCREMENT BY 1
    NO MINVALUE
    NO MAXVALUE
    CACHE 1
);


--
-- Name: orders_order; Type: TABLE; Schema: public; Owner: postgres
--

CREATE TABLE public.orders_order (
    id bigint NOT NULL,
    total_amount numeric(10,2) NOT NULL,
    total_weight numeric(10,2) NOT NULL,
    status character varying(20) NOT NULL,
    created_at timestamp with time zone NOT NULL,
    address_id bigint,
    user_id integer NOT NULL
);


ALTER TABLE public.orders_order OWNER TO postgres;

--
-- Name: orders_order_id_seq; Type: SEQUENCE; Schema: public; Owner: postgres
--

ALTER TABLE public.orders_order ALTER COLUMN id ADD GENERATED BY DEFAULT AS IDENTITY (
    SEQUENCE NAME public.orders_order_id_seq
    START WITH 1
    INCREMENT BY 1
    NO MINVALUE
    NO MAXVALUE
    CACHE 1
);


--
-- Name: orders_orderitem; Type: TABLE; Schema: public; Owner: postgres
--

CREATE TABLE public.orders_orderitem (
    id bigint NOT NULL,
    quantity integer NOT NULL,
    price numeric(10,2) NOT NULL,
    order_id bigint NOT NULL,
    variant_id bigint NOT NULL,
    CONSTRAINT orders_orderitem_quantity_check CHECK ((quantity >= 0))
);


ALTER TABLE public.orders_orderitem OWNER TO postgres;

--
-- Name: orders_orderitem_id_seq; Type: SEQUENCE; Schema: public; Owner: postgres
--

ALTER TABLE public.orders_orderitem ALTER COLUMN id ADD GENERATED BY DEFAULT AS IDENTITY (
    SEQUENCE NAME public.orders_orderitem_id_seq
    START WITH 1
    INCREMENT BY 1
    NO MINVALUE
    NO MAXVALUE
    CACHE 1
);


--
-- Name: products_product; Type: TABLE; Schema: public; Owner: postgres
--

CREATE TABLE public.products_product (
    id bigint NOT NULL,
    name character varying(200) NOT NULL,
    description text NOT NULL,
    category character varying(2) NOT NULL,
    is_featured boolean NOT NULL,
    created_at timestamp with time zone NOT NULL,
    is_active boolean NOT NULL,
    slug character varying(50) NOT NULL
);


ALTER TABLE public.products_product OWNER TO postgres;

--
-- Name: products_product_id_seq; Type: SEQUENCE; Schema: public; Owner: postgres
--

ALTER TABLE public.products_product ALTER COLUMN id ADD GENERATED BY DEFAULT AS IDENTITY (
    SEQUENCE NAME public.products_product_id_seq
    START WITH 1
    INCREMENT BY 1
    NO MINVALUE
    NO MAXVALUE
    CACHE 1
);


--
-- Name: products_productimage; Type: TABLE; Schema: public; Owner: postgres
--

CREATE TABLE public.products_productimage (
    id bigint NOT NULL,
    image character varying(100) NOT NULL,
    product_id bigint NOT NULL
);


ALTER TABLE public.products_productimage OWNER TO postgres;

--
-- Name: products_productimage_id_seq; Type: SEQUENCE; Schema: public; Owner: postgres
--

ALTER TABLE public.products_productimage ALTER COLUMN id ADD GENERATED BY DEFAULT AS IDENTITY (
    SEQUENCE NAME public.products_productimage_id_seq
    START WITH 1
    INCREMENT BY 1
    NO MINVALUE
    NO MAXVALUE
    CACHE 1
);


--
-- Name: products_productvariant; Type: TABLE; Schema: public; Owner: postgres
--

CREATE TABLE public.products_productvariant (
    id bigint NOT NULL,
    size character varying(20) NOT NULL,
    weight numeric(6,2) NOT NULL,
    original_price numeric(10,2) CONSTRAINT products_productvariant_price_not_null NOT NULL,
    product_id bigint NOT NULL,
    is_default boolean NOT NULL,
    stock integer NOT NULL,
    discount_percent integer NOT NULL,
    color character varying(30),
    CONSTRAINT products_productvariant_discount_percent_check CHECK ((discount_percent >= 0)),
    CONSTRAINT products_productvariant_stock_check CHECK ((stock >= 0))
);


ALTER TABLE public.products_productvariant OWNER TO postgres;

--
-- Name: products_productvariant_id_seq; Type: SEQUENCE; Schema: public; Owner: postgres
--

ALTER TABLE public.products_productvariant ALTER COLUMN id ADD GENERATED BY DEFAULT AS IDENTITY (
    SEQUENCE NAME public.products_productvariant_id_seq
    START WITH 1
    INCREMENT BY 1
    NO MINVALUE
    NO MAXVALUE
    CACHE 1
);


--
-- Name: products_wishlist; Type: TABLE; Schema: public; Owner: postgres
--

CREATE TABLE public.products_wishlist (
    id bigint NOT NULL,
    created_at timestamp with time zone NOT NULL,
    product_id bigint NOT NULL,
    user_id integer NOT NULL
);


ALTER TABLE public.products_wishlist OWNER TO postgres;

--
-- Name: products_wishlist_id_seq; Type: SEQUENCE; Schema: public; Owner: postgres
--

ALTER TABLE public.products_wishlist ALTER COLUMN id ADD GENERATED BY DEFAULT AS IDENTITY (
    SEQUENCE NAME public.products_wishlist_id_seq
    START WITH 1
    INCREMENT BY 1
    NO MINVALUE
    NO MAXVALUE
    CACHE 1
);


--
-- Data for Name: adminpanel_adminuser; Type: TABLE DATA; Schema: public; Owner: postgres
--

COPY public.adminpanel_adminuser (id, username, email, password, is_active, created_at) FROM stdin;
\.


--
-- Data for Name: auth_group; Type: TABLE DATA; Schema: public; Owner: postgres
--

COPY public.auth_group (id, name) FROM stdin;
\.


--
-- Data for Name: auth_group_permissions; Type: TABLE DATA; Schema: public; Owner: postgres
--

COPY public.auth_group_permissions (id, group_id, permission_id) FROM stdin;
\.


--
-- Data for Name: auth_permission; Type: TABLE DATA; Schema: public; Owner: postgres
--

COPY public.auth_permission (id, name, content_type_id, codename) FROM stdin;
1	Can add log entry	1	add_logentry
2	Can change log entry	1	change_logentry
3	Can delete log entry	1	delete_logentry
4	Can view log entry	1	view_logentry
5	Can add permission	3	add_permission
6	Can change permission	3	change_permission
7	Can delete permission	3	delete_permission
8	Can view permission	3	view_permission
9	Can add group	2	add_group
10	Can change group	2	change_group
11	Can delete group	2	delete_group
12	Can view group	2	view_group
13	Can add user	4	add_user
14	Can change user	4	change_user
15	Can delete user	4	delete_user
16	Can view user	4	view_user
17	Can add content type	5	add_contenttype
18	Can change content type	5	change_contenttype
19	Can delete content type	5	delete_contenttype
20	Can view content type	5	view_contenttype
21	Can add session	6	add_session
22	Can change session	6	change_session
23	Can delete session	6	delete_session
24	Can view session	6	view_session
25	Can add admin user	7	add_adminuser
26	Can change admin user	7	change_adminuser
27	Can delete admin user	7	delete_adminuser
28	Can view admin user	7	view_adminuser
29	Can add banner	9	add_banner
30	Can change banner	9	change_banner
31	Can delete banner	9	delete_banner
32	Can view banner	9	view_banner
33	Can add banner image	10	add_bannerimage
34	Can change banner image	10	change_bannerimage
35	Can delete banner image	10	delete_bannerimage
36	Can view banner image	10	view_bannerimage
37	Can add user otp	11	add_userotp
38	Can change user otp	11	change_userotp
39	Can delete user otp	11	delete_userotp
40	Can view user otp	11	view_userotp
41	Can add user profile	12	add_userprofile
42	Can change user profile	12	change_userprofile
43	Can delete user profile	12	delete_userprofile
44	Can view user profile	12	view_userprofile
45	Can add address	8	add_address
46	Can change address	8	change_address
47	Can delete address	8	delete_address
48	Can view address	8	view_address
49	Can add product	13	add_product
50	Can change product	13	change_product
51	Can delete product	13	delete_product
52	Can view product	13	view_product
53	Can add product image	14	add_productimage
54	Can change product image	14	change_productimage
55	Can delete product image	14	delete_productimage
56	Can view product image	14	view_productimage
57	Can add product variant	15	add_productvariant
58	Can change product variant	15	change_productvariant
59	Can delete product variant	15	delete_productvariant
60	Can view product variant	15	view_productvariant
61	Can add wishlist	16	add_wishlist
62	Can change wishlist	16	change_wishlist
63	Can delete wishlist	16	delete_wishlist
64	Can view wishlist	16	view_wishlist
65	Can add address	17	add_address
66	Can change address	17	change_address
67	Can delete address	17	delete_address
68	Can view address	17	view_address
69	Can add cart	18	add_cart
70	Can change cart	18	change_cart
71	Can delete cart	18	delete_cart
72	Can view cart	18	view_cart
73	Can add cart item	19	add_cartitem
74	Can change cart item	19	change_cartitem
75	Can delete cart item	19	delete_cartitem
76	Can view cart item	19	view_cartitem
77	Can add order	20	add_order
78	Can change order	20	change_order
79	Can delete order	20	delete_order
80	Can view order	20	view_order
81	Can add order item	21	add_orderitem
82	Can change order item	21	change_orderitem
83	Can delete order item	21	delete_orderitem
84	Can view order item	21	view_orderitem
\.


--
-- Data for Name: auth_user; Type: TABLE DATA; Schema: public; Owner: postgres
--

COPY public.auth_user (id, password, last_login, is_superuser, username, first_name, last_name, email, is_staff, is_active, date_joined) FROM stdin;
7	pbkdf2_sha256$1200000$nutfoHkvyfTIQhPxmkfvj8$TjHDrya7VW80+sWT0QRdpboWxKroi17pkCMmMzt+qyE=	2026-02-25 09:50:27.119+05:30	f	Ranga52			pranganathan844@gmail.com	f	t	2026-02-25 09:50:00.303+05:30
8	pbkdf2_sha256$1200000$giDD8NtgrJTQvwIKugtzdZ$LEoU4vy1fRYjTexnnnjcw8VsYmvNT5NYE98OkmHFO4E=	2026-02-25 10:00:26.557+05:30	f	karthick			karthick@ydesavvy.com	f	t	2026-02-25 09:59:57.035+05:30
9	pbkdf2_sha256$1200000$k15jxaMPN7ALEZlGwCvaLh$0CD5da1ErQ4YfWOoIRccMMNyfrMe0fFYRMSyxayyQz4=	2026-02-26 12:39:40.456+05:30	f	Thamarai			vs4823533@gmail.com	f	t	2026-02-26 12:39:02.468+05:30
10	pbkdf2_sha256$1200000$JIIbF63c5r1UoIw0XVTJF0$ASgCOl6cVIhMObSAHz4j39Jqle2JELOzUZ+ECCHrCA8=	2026-02-27 09:15:34.818+05:30	f	admin				t	t	2026-02-26 12:54:43.385+05:30
1	pbkdf2_sha256$1200000$zx3B1zFFpCiDnAMo15ioC3$2tcqk5SGG1KqZFddFf4fagld6MdO2/rsFvOUwmmhqO0=	2026-02-28 09:15:52.14517+05:30	t	Ranga52081				t	t	2026-02-23 15:43:15.247+05:30
\.


--
-- Data for Name: auth_user_groups; Type: TABLE DATA; Schema: public; Owner: postgres
--

COPY public.auth_user_groups (id, user_id, group_id) FROM stdin;
\.


--
-- Data for Name: auth_user_user_permissions; Type: TABLE DATA; Schema: public; Owner: postgres
--

COPY public.auth_user_user_permissions (id, user_id, permission_id) FROM stdin;
\.


--
-- Data for Name: customer_address; Type: TABLE DATA; Schema: public; Owner: postgres
--

COPY public.customer_address (id, full_name, phone, address_line, city, state, pincode, is_default, user_id) FROM stdin;
\.


--
-- Data for Name: customer_banner; Type: TABLE DATA; Schema: public; Owner: postgres
--

COPY public.customer_banner (id, title, subtitle, image, is_active, created_at) FROM stdin;
1	Scaffolding	Scaffolding	banners/Screenshot_2026-02-25_105548_eojBHZO.png	t	2026-02-25 10:58:55.902+05:30
2	VERTICAL	vertical	banners/Gemini_Generated_Image_r5lyh6r5lyh6r5ly.png	t	2026-02-25 11:02:28.683+05:30
\.


--
-- Data for Name: customer_bannerimage; Type: TABLE DATA; Schema: public; Owner: postgres
--

COPY public.customer_bannerimage (id, image, "order", banner_id) FROM stdin;
\.


--
-- Data for Name: customer_userotp; Type: TABLE DATA; Schema: public; Owner: postgres
--

COPY public.customer_userotp (id, otp, created_at, attempts, user_id) FROM stdin;
\.


--
-- Data for Name: customer_userprofile; Type: TABLE DATA; Schema: public; Owner: postgres
--

COPY public.customer_userprofile (id, phone, profile_image, user_id) FROM stdin;
1		profiles/diffe.png	9
\.


--
-- Data for Name: django_admin_log; Type: TABLE DATA; Schema: public; Owner: postgres
--

COPY public.django_admin_log (id, action_time, object_id, object_repr, action_flag, change_message, content_type_id, user_id) FROM stdin;
1	2026-02-27 15:05:36.866679+05:30	1	Vertical	2	[{"changed": {"name": "product variant", "object": "Vertical - 0.5", "fields": ["Color"]}}]	13	1
2	2026-02-27 15:07:03.868552+05:30	1	Vertical	2	[{"changed": {"name": "product variant", "object": "Vertical - 1.5", "fields": ["Color"]}}]	13	1
3	2026-02-27 15:07:13.817542+05:30	1	Vertical	2	[{"changed": {"name": "product variant", "object": "Vertical - 2", "fields": ["Color"]}}]	13	1
4	2026-02-27 15:07:35.741526+05:30	1	Vertical	2	[{"changed": {"name": "product variant", "object": "Vertical - 1.5", "fields": ["Color"]}}, {"changed": {"name": "product variant", "object": "Vertical - 2", "fields": ["Color"]}}]	13	1
5	2026-02-27 15:11:10.445749+05:30	2	Ledgers	1	[{"added": {}}, {"added": {"name": "product image", "object": "Image of Ledgers"}}, {"added": {"name": "product image", "object": "Image of Ledgers"}}]	13	1
6	2026-02-27 15:12:11.804695+05:30	2	Ledgers	2	[{"changed": {"fields": ["Is featured"]}}]	13	1
7	2026-02-27 15:26:13.506211+05:30	2	Ledgers	2	[{"added": {"name": "product variant", "object": "Ledgers - 2.5"}}]	13	1
8	2026-02-27 15:34:07.72937+05:30	3	Prop Jacks	1	[{"added": {}}, {"added": {"name": "product image", "object": "Image of Prop Jacks"}}, {"added": {"name": "product image", "object": "Image of Prop Jacks"}}, {"added": {"name": "product variant", "object": "Prop Jacks - 2X2"}}, {"added": {"name": "product variant", "object": "Prop Jacks - 2X3"}}]	13	1
9	2026-02-27 16:07:23.591725+05:30	3	Prop Jacks	2	[{"added": {"name": "product variant", "object": "Prop Jacks - 3X3"}}]	13	1
10	2026-02-28 09:17:40.08912+05:30	3	Prop Jacks	2	[]	13	1
11	2026-02-28 09:23:53.247511+05:30	4	Acro Span	1	[{"added": {}}, {"added": {"name": "product variant", "object": "Acro Span - 3m x 3m"}}, {"added": {"name": "product variant", "object": "Acro Span - 2.4m x 2.4m"}}, {"added": {"name": "product variant", "object": "Acro Span - 2m x 2m"}}]	13	1
12	2026-02-28 09:28:42.335056+05:30	4	Acro Span	2	[{"added": {"name": "product image", "object": "Image of Acro Span"}}, {"added": {"name": "product image", "object": "Image of Acro Span"}}, {"added": {"name": "product image", "object": "Image of Acro Span"}}]	13	1
\.


--
-- Data for Name: django_content_type; Type: TABLE DATA; Schema: public; Owner: postgres
--

COPY public.django_content_type (id, app_label, model) FROM stdin;
1	admin	logentry
2	auth	group
3	auth	permission
4	auth	user
5	contenttypes	contenttype
6	sessions	session
7	adminpanel	adminuser
8	customer	address
9	customer	banner
10	customer	bannerimage
11	customer	userotp
12	customer	userprofile
13	products	product
14	products	productimage
15	products	productvariant
16	products	wishlist
17	orders	address
18	orders	cart
19	orders	cartitem
20	orders	order
21	orders	orderitem
\.


--
-- Data for Name: django_migrations; Type: TABLE DATA; Schema: public; Owner: postgres
--

COPY public.django_migrations (id, app, name, applied) FROM stdin;
1	contenttypes	0001_initial	2026-02-25 14:54:34.564508+05:30
2	auth	0001_initial	2026-02-25 14:54:34.613411+05:30
3	admin	0001_initial	2026-02-25 14:54:34.628511+05:30
4	admin	0002_logentry_remove_auto_add	2026-02-25 14:54:34.633763+05:30
5	admin	0003_logentry_add_action_flag_choices	2026-02-25 14:54:34.638759+05:30
6	contenttypes	0002_remove_content_type_name	2026-02-25 14:54:34.651004+05:30
7	auth	0002_alter_permission_name_max_length	2026-02-25 14:54:34.656923+05:30
8	auth	0003_alter_user_email_max_length	2026-02-25 14:54:34.664782+05:30
9	auth	0004_alter_user_username_opts	2026-02-25 14:54:34.669774+05:30
10	auth	0005_alter_user_last_login_null	2026-02-25 14:54:34.675994+05:30
11	auth	0006_require_contenttypes_0002	2026-02-25 14:54:34.677114+05:30
12	auth	0007_alter_validators_add_error_messages	2026-02-25 14:54:34.682575+05:30
13	auth	0008_alter_user_username_max_length	2026-02-25 14:54:34.691459+05:30
14	auth	0009_alter_user_last_name_max_length	2026-02-25 14:54:34.697144+05:30
15	auth	0010_alter_group_name_max_length	2026-02-25 14:54:34.703415+05:30
16	auth	0011_update_proxy_permissions	2026-02-25 14:54:34.709083+05:30
17	auth	0012_alter_user_first_name_max_length	2026-02-25 14:54:34.71527+05:30
18	customer	0001_initial	2026-02-25 14:54:34.72118+05:30
19	customer	0002_address	2026-02-25 14:54:34.73577+05:30
20	customer	0003_userotp	2026-02-25 14:54:34.747844+05:30
21	customer	0004_product	2026-02-25 14:54:34.752633+05:30
22	customer	0005_remove_address_user_delete_product_delete_address	2026-02-25 14:54:34.777366+05:30
23	products	0001_initial	2026-02-25 14:54:34.792935+05:30
24	orders	0001_initial	2026-02-25 14:54:34.858796+05:30
25	products	0002_product_is_active_alter_product_category_and_more	2026-02-25 14:54:34.869283+05:30
26	sessions	0001_initial	2026-02-25 14:54:34.877445+05:30
27	adminpanel	0001_initial	2026-02-27 14:21:38.13742+05:30
28	customer	0006_address_userprofile	2026-02-27 14:21:38.177609+05:30
29	products	0003_alter_product_options_alter_productvariant_options_and_more	2026-02-27 14:21:38.213728+05:30
30	products	0004_alter_productvariant_options	2026-02-27 14:21:38.217836+05:30
31	products	0005_rename_price_productvariant_original_price_and_more	2026-02-27 14:21:38.246524+05:30
32	products	0006_productvariant_color	2026-02-27 14:21:38.25162+05:30
33	customer	0007_bannerimage	2026-02-27 14:48:27.702276+05:30
34	orders	0002_alter_cart_user_alter_cartitem_unique_together	2026-02-28 11:09:05.387229+05:30
\.


--
-- Data for Name: django_session; Type: TABLE DATA; Schema: public; Owner: postgres
--

COPY public.django_session (session_key, session_data, expire_date) FROM stdin;
oy4d83jeb22nxckiw9d3yubupxu4qgup	.eJxVjDkOwjAQAP-yNbJifGSTkj5vsNbeNQ4gW8pRIf6OIqWAdmY0bwi0byXsqyxhZhhBw-WXRUpPqYfgB9V7U6nVbZmjOhJ12lVNjeV1O9u_QaG1wAjeDWJIrCOXxfmMWuvekk2MOSdB6zseJPnIMVLXsdcGBT32mLWRq4HPF_fTOEQ:1vwBH6:J5lnUPdRpwp3H6yOckxkURXjYZqcQEr6PKxTIOyCg7Q	2026-03-14 09:15:52.146511+05:30
\.


--
-- Data for Name: orders_address; Type: TABLE DATA; Schema: public; Owner: postgres
--

COPY public.orders_address (id, full_name, phone, area, city, state, pincode, is_default, created_at, user_id) FROM stdin;
\.


--
-- Data for Name: orders_cart; Type: TABLE DATA; Schema: public; Owner: postgres
--

COPY public.orders_cart (id, created_at, user_id) FROM stdin;
1	2026-02-26 14:27:22.217+05:30	1
\.


--
-- Data for Name: orders_cartitem; Type: TABLE DATA; Schema: public; Owner: postgres
--

COPY public.orders_cartitem (id, quantity, cart_id, variant_id) FROM stdin;
4	2	1	11
1	1	1	1
3	3	1	7
5	1	1	6
2	4	1	5
\.


--
-- Data for Name: orders_order; Type: TABLE DATA; Schema: public; Owner: postgres
--

COPY public.orders_order (id, total_amount, total_weight, status, created_at, address_id, user_id) FROM stdin;
\.


--
-- Data for Name: orders_orderitem; Type: TABLE DATA; Schema: public; Owner: postgres
--

COPY public.orders_orderitem (id, quantity, price, order_id, variant_id) FROM stdin;
\.


--
-- Data for Name: products_product; Type: TABLE DATA; Schema: public; Owner: postgres
--

COPY public.products_product (id, name, description, category, is_featured, created_at, is_active, slug) FROM stdin;
1	Vertical	Verticals are manufactured from 48.3 mm\r\nO.D. Tube with \r\n3.2mm thickness.	MS	t	2026-02-25 13:33:45.268+05:30	t	hello
2	Ledgers	Cup lock ledgers are used as the main horizontal connecting members. Ledgers are manufactured from 48.3 mm O.D. Tube with 3.2 mm thickness. Standard Sizes are 2.5m, 2m, 1.8m, 1.5m, 1.2m, 0.9m, 0.6m.	MS	t	2026-02-27 15:11:10.441363+05:30	t	ledgers
3	Prop Jacks	They are most economical supports elements to all kind of formwork for slabs, columns, beams and walls. Props are manufactured with outer member 60.3mm O.D. and inner member 48.3 mm O.D. Standard Sizes are 2X2m, 2X3m, 3X3m.Give me Image for This Original image which is used in construction site	MS	t	2026-02-27 15:34:07.722139+05:30	t	prop-jacks
4	Acro Span	Acro span is used as self-supporting runners in shuttering system under the shuttering plates. \r\nAcro span is manufactured with sheets of thickness 2mm and rods of diameter 10mm. \r\nStandard Sizes are 3m x 3m, 2.4m x 2.4m, 2m x 2m.	MS	t	2026-02-28 09:23:53.244697+05:30	t	acro-span
\.


--
-- Data for Name: products_productimage; Type: TABLE DATA; Schema: public; Owner: postgres
--

COPY public.products_productimage (id, image, product_id) FROM stdin;
1	products/gallery/Screenshot_2026-02-25_133330.png	1
2	products/gallery/ms-standard-vertical-scaffolding.jpg	1
3	products/gallery/product-jpeg-500x500-3.png	1
4	products/gallery/Screenshot_2026-02-27_150955.png	2
5	products/gallery/Screenshot_2026-02-27_151022.png	2
6	products/gallery/Screenshot_2026-02-27_152911.png	3
7	products/gallery/Screenshot_2026-02-27_152931.png	3
8	products/gallery/Screenshot_2026-02-28_091904.png	4
9	products/gallery/Screenshot_2026-02-28_091930.png	4
10	products/gallery/3-spans-on-hire-1-ek5hq.png	4
\.


--
-- Data for Name: products_productvariant; Type: TABLE DATA; Schema: public; Owner: postgres
--

COPY public.products_productvariant (id, size, weight, original_price, product_id, is_default, stock, discount_percent, color) FROM stdin;
1	3	14.00	71.00	1	t	10	15	\N
2	2.5	11.05	65.00	1	t	5	10	\N
5	0.5	3.00	75.00	1	t	20	15	blue
4	1.5	5.00	48.00	1	t	10	0	Red
3	2	9.50	55.00	1	t	10	0	Green
6	2.5	8.50	71.00	2	t	8	0	\N
7	2X2	16.50	80.00	3	f	10	0	\N
8	2X3	22.00	85.00	3	f	20	0	\N
9	3X3	18.00	90.00	3	f	10	0	\N
10	3m x 3m	900.00	71.00	4	t	20	0	\N
11	2.4m x 2.4m	41.00	74.00	4	t	10	0	\N
12	2m x 2m	800.00	75.00	4	t	10	0	\N
\.


--
-- Data for Name: products_wishlist; Type: TABLE DATA; Schema: public; Owner: postgres
--

COPY public.products_wishlist (id, created_at, product_id, user_id) FROM stdin;
\.


--
-- Name: adminpanel_adminuser_id_seq; Type: SEQUENCE SET; Schema: public; Owner: postgres
--

SELECT pg_catalog.setval('public.adminpanel_adminuser_id_seq', 1, false);


--
-- Name: auth_group_id_seq; Type: SEQUENCE SET; Schema: public; Owner: postgres
--

SELECT pg_catalog.setval('public.auth_group_id_seq', 1, false);


--
-- Name: auth_group_permissions_id_seq; Type: SEQUENCE SET; Schema: public; Owner: postgres
--

SELECT pg_catalog.setval('public.auth_group_permissions_id_seq', 1, false);


--
-- Name: auth_permission_id_seq; Type: SEQUENCE SET; Schema: public; Owner: postgres
--

SELECT pg_catalog.setval('public.auth_permission_id_seq', 84, true);


--
-- Name: auth_user_groups_id_seq; Type: SEQUENCE SET; Schema: public; Owner: postgres
--

SELECT pg_catalog.setval('public.auth_user_groups_id_seq', 1, false);


--
-- Name: auth_user_id_seq; Type: SEQUENCE SET; Schema: public; Owner: postgres
--

SELECT pg_catalog.setval('public.auth_user_id_seq', 10, true);


--
-- Name: auth_user_user_permissions_id_seq; Type: SEQUENCE SET; Schema: public; Owner: postgres
--

SELECT pg_catalog.setval('public.auth_user_user_permissions_id_seq', 1, false);


--
-- Name: customer_address_id_seq; Type: SEQUENCE SET; Schema: public; Owner: postgres
--

SELECT pg_catalog.setval('public.customer_address_id_seq', 1, false);


--
-- Name: customer_banner_id_seq; Type: SEQUENCE SET; Schema: public; Owner: postgres
--

SELECT pg_catalog.setval('public.customer_banner_id_seq', 2, true);


--
-- Name: customer_bannerimage_id_seq; Type: SEQUENCE SET; Schema: public; Owner: postgres
--

SELECT pg_catalog.setval('public.customer_bannerimage_id_seq', 1, false);


--
-- Name: customer_userotp_id_seq; Type: SEQUENCE SET; Schema: public; Owner: postgres
--

SELECT pg_catalog.setval('public.customer_userotp_id_seq', 1, false);


--
-- Name: customer_userprofile_id_seq; Type: SEQUENCE SET; Schema: public; Owner: postgres
--

SELECT pg_catalog.setval('public.customer_userprofile_id_seq', 1, true);


--
-- Name: django_admin_log_id_seq; Type: SEQUENCE SET; Schema: public; Owner: postgres
--

SELECT pg_catalog.setval('public.django_admin_log_id_seq', 12, true);


--
-- Name: django_content_type_id_seq; Type: SEQUENCE SET; Schema: public; Owner: postgres
--

SELECT pg_catalog.setval('public.django_content_type_id_seq', 21, true);


--
-- Name: django_migrations_id_seq; Type: SEQUENCE SET; Schema: public; Owner: postgres
--

SELECT pg_catalog.setval('public.django_migrations_id_seq', 34, true);


--
-- Name: orders_address_id_seq; Type: SEQUENCE SET; Schema: public; Owner: postgres
--

SELECT pg_catalog.setval('public.orders_address_id_seq', 1, false);


--
-- Name: orders_cart_id_seq; Type: SEQUENCE SET; Schema: public; Owner: postgres
--

SELECT pg_catalog.setval('public.orders_cart_id_seq', 1, true);


--
-- Name: orders_cartitem_id_seq; Type: SEQUENCE SET; Schema: public; Owner: postgres
--

SELECT pg_catalog.setval('public.orders_cartitem_id_seq', 5, true);


--
-- Name: orders_order_id_seq; Type: SEQUENCE SET; Schema: public; Owner: postgres
--

SELECT pg_catalog.setval('public.orders_order_id_seq', 1, false);


--
-- Name: orders_orderitem_id_seq; Type: SEQUENCE SET; Schema: public; Owner: postgres
--

SELECT pg_catalog.setval('public.orders_orderitem_id_seq', 1, false);


--
-- Name: products_product_id_seq; Type: SEQUENCE SET; Schema: public; Owner: postgres
--

SELECT pg_catalog.setval('public.products_product_id_seq', 4, true);


--
-- Name: products_productimage_id_seq; Type: SEQUENCE SET; Schema: public; Owner: postgres
--

SELECT pg_catalog.setval('public.products_productimage_id_seq', 10, true);


--
-- Name: products_productvariant_id_seq; Type: SEQUENCE SET; Schema: public; Owner: postgres
--

SELECT pg_catalog.setval('public.products_productvariant_id_seq', 12, true);


--
-- Name: products_wishlist_id_seq; Type: SEQUENCE SET; Schema: public; Owner: postgres
--

SELECT pg_catalog.setval('public.products_wishlist_id_seq', 13, true);


--
-- Name: adminpanel_adminuser adminpanel_adminuser_email_key; Type: CONSTRAINT; Schema: public; Owner: postgres
--

ALTER TABLE ONLY public.adminpanel_adminuser
    ADD CONSTRAINT adminpanel_adminuser_email_key UNIQUE (email);


--
-- Name: adminpanel_adminuser adminpanel_adminuser_pkey; Type: CONSTRAINT; Schema: public; Owner: postgres
--

ALTER TABLE ONLY public.adminpanel_adminuser
    ADD CONSTRAINT adminpanel_adminuser_pkey PRIMARY KEY (id);


--
-- Name: adminpanel_adminuser adminpanel_adminuser_username_key; Type: CONSTRAINT; Schema: public; Owner: postgres
--

ALTER TABLE ONLY public.adminpanel_adminuser
    ADD CONSTRAINT adminpanel_adminuser_username_key UNIQUE (username);


--
-- Name: auth_group auth_group_name_key; Type: CONSTRAINT; Schema: public; Owner: postgres
--

ALTER TABLE ONLY public.auth_group
    ADD CONSTRAINT auth_group_name_key UNIQUE (name);


--
-- Name: auth_group_permissions auth_group_permissions_group_id_permission_id_0cd325b0_uniq; Type: CONSTRAINT; Schema: public; Owner: postgres
--

ALTER TABLE ONLY public.auth_group_permissions
    ADD CONSTRAINT auth_group_permissions_group_id_permission_id_0cd325b0_uniq UNIQUE (group_id, permission_id);


--
-- Name: auth_group_permissions auth_group_permissions_pkey; Type: CONSTRAINT; Schema: public; Owner: postgres
--

ALTER TABLE ONLY public.auth_group_permissions
    ADD CONSTRAINT auth_group_permissions_pkey PRIMARY KEY (id);


--
-- Name: auth_group auth_group_pkey; Type: CONSTRAINT; Schema: public; Owner: postgres
--

ALTER TABLE ONLY public.auth_group
    ADD CONSTRAINT auth_group_pkey PRIMARY KEY (id);


--
-- Name: auth_permission auth_permission_content_type_id_codename_01ab375a_uniq; Type: CONSTRAINT; Schema: public; Owner: postgres
--

ALTER TABLE ONLY public.auth_permission
    ADD CONSTRAINT auth_permission_content_type_id_codename_01ab375a_uniq UNIQUE (content_type_id, codename);


--
-- Name: auth_permission auth_permission_pkey; Type: CONSTRAINT; Schema: public; Owner: postgres
--

ALTER TABLE ONLY public.auth_permission
    ADD CONSTRAINT auth_permission_pkey PRIMARY KEY (id);


--
-- Name: auth_user_groups auth_user_groups_pkey; Type: CONSTRAINT; Schema: public; Owner: postgres
--

ALTER TABLE ONLY public.auth_user_groups
    ADD CONSTRAINT auth_user_groups_pkey PRIMARY KEY (id);


--
-- Name: auth_user_groups auth_user_groups_user_id_group_id_94350c0c_uniq; Type: CONSTRAINT; Schema: public; Owner: postgres
--

ALTER TABLE ONLY public.auth_user_groups
    ADD CONSTRAINT auth_user_groups_user_id_group_id_94350c0c_uniq UNIQUE (user_id, group_id);


--
-- Name: auth_user auth_user_pkey; Type: CONSTRAINT; Schema: public; Owner: postgres
--

ALTER TABLE ONLY public.auth_user
    ADD CONSTRAINT auth_user_pkey PRIMARY KEY (id);


--
-- Name: auth_user_user_permissions auth_user_user_permissions_pkey; Type: CONSTRAINT; Schema: public; Owner: postgres
--

ALTER TABLE ONLY public.auth_user_user_permissions
    ADD CONSTRAINT auth_user_user_permissions_pkey PRIMARY KEY (id);


--
-- Name: auth_user_user_permissions auth_user_user_permissions_user_id_permission_id_14a6b632_uniq; Type: CONSTRAINT; Schema: public; Owner: postgres
--

ALTER TABLE ONLY public.auth_user_user_permissions
    ADD CONSTRAINT auth_user_user_permissions_user_id_permission_id_14a6b632_uniq UNIQUE (user_id, permission_id);


--
-- Name: auth_user auth_user_username_key; Type: CONSTRAINT; Schema: public; Owner: postgres
--

ALTER TABLE ONLY public.auth_user
    ADD CONSTRAINT auth_user_username_key UNIQUE (username);


--
-- Name: customer_address customer_address_pkey; Type: CONSTRAINT; Schema: public; Owner: postgres
--

ALTER TABLE ONLY public.customer_address
    ADD CONSTRAINT customer_address_pkey PRIMARY KEY (id);


--
-- Name: customer_banner customer_banner_pkey; Type: CONSTRAINT; Schema: public; Owner: postgres
--

ALTER TABLE ONLY public.customer_banner
    ADD CONSTRAINT customer_banner_pkey PRIMARY KEY (id);


--
-- Name: customer_bannerimage customer_bannerimage_pkey; Type: CONSTRAINT; Schema: public; Owner: postgres
--

ALTER TABLE ONLY public.customer_bannerimage
    ADD CONSTRAINT customer_bannerimage_pkey PRIMARY KEY (id);


--
-- Name: customer_userotp customer_userotp_pkey; Type: CONSTRAINT; Schema: public; Owner: postgres
--

ALTER TABLE ONLY public.customer_userotp
    ADD CONSTRAINT customer_userotp_pkey PRIMARY KEY (id);


--
-- Name: customer_userprofile customer_userprofile_pkey; Type: CONSTRAINT; Schema: public; Owner: postgres
--

ALTER TABLE ONLY public.customer_userprofile
    ADD CONSTRAINT customer_userprofile_pkey PRIMARY KEY (id);


--
-- Name: customer_userprofile customer_userprofile_user_id_key; Type: CONSTRAINT; Schema: public; Owner: postgres
--

ALTER TABLE ONLY public.customer_userprofile
    ADD CONSTRAINT customer_userprofile_user_id_key UNIQUE (user_id);


--
-- Name: django_admin_log django_admin_log_pkey; Type: CONSTRAINT; Schema: public; Owner: postgres
--

ALTER TABLE ONLY public.django_admin_log
    ADD CONSTRAINT django_admin_log_pkey PRIMARY KEY (id);


--
-- Name: django_content_type django_content_type_app_label_model_76bd3d3b_uniq; Type: CONSTRAINT; Schema: public; Owner: postgres
--

ALTER TABLE ONLY public.django_content_type
    ADD CONSTRAINT django_content_type_app_label_model_76bd3d3b_uniq UNIQUE (app_label, model);


--
-- Name: django_content_type django_content_type_pkey; Type: CONSTRAINT; Schema: public; Owner: postgres
--

ALTER TABLE ONLY public.django_content_type
    ADD CONSTRAINT django_content_type_pkey PRIMARY KEY (id);


--
-- Name: django_migrations django_migrations_pkey; Type: CONSTRAINT; Schema: public; Owner: postgres
--

ALTER TABLE ONLY public.django_migrations
    ADD CONSTRAINT django_migrations_pkey PRIMARY KEY (id);


--
-- Name: django_session django_session_pkey; Type: CONSTRAINT; Schema: public; Owner: postgres
--

ALTER TABLE ONLY public.django_session
    ADD CONSTRAINT django_session_pkey PRIMARY KEY (session_key);


--
-- Name: orders_address orders_address_pkey; Type: CONSTRAINT; Schema: public; Owner: postgres
--

ALTER TABLE ONLY public.orders_address
    ADD CONSTRAINT orders_address_pkey PRIMARY KEY (id);


--
-- Name: orders_cart orders_cart_pkey; Type: CONSTRAINT; Schema: public; Owner: postgres
--

ALTER TABLE ONLY public.orders_cart
    ADD CONSTRAINT orders_cart_pkey PRIMARY KEY (id);


--
-- Name: orders_cart orders_cart_user_id_121a069e_uniq; Type: CONSTRAINT; Schema: public; Owner: postgres
--

ALTER TABLE ONLY public.orders_cart
    ADD CONSTRAINT orders_cart_user_id_121a069e_uniq UNIQUE (user_id);


--
-- Name: orders_cartitem orders_cartitem_cart_id_variant_id_3af2015d_uniq; Type: CONSTRAINT; Schema: public; Owner: postgres
--

ALTER TABLE ONLY public.orders_cartitem
    ADD CONSTRAINT orders_cartitem_cart_id_variant_id_3af2015d_uniq UNIQUE (cart_id, variant_id);


--
-- Name: orders_cartitem orders_cartitem_pkey; Type: CONSTRAINT; Schema: public; Owner: postgres
--

ALTER TABLE ONLY public.orders_cartitem
    ADD CONSTRAINT orders_cartitem_pkey PRIMARY KEY (id);


--
-- Name: orders_order orders_order_pkey; Type: CONSTRAINT; Schema: public; Owner: postgres
--

ALTER TABLE ONLY public.orders_order
    ADD CONSTRAINT orders_order_pkey PRIMARY KEY (id);


--
-- Name: orders_orderitem orders_orderitem_pkey; Type: CONSTRAINT; Schema: public; Owner: postgres
--

ALTER TABLE ONLY public.orders_orderitem
    ADD CONSTRAINT orders_orderitem_pkey PRIMARY KEY (id);


--
-- Name: products_product products_product_pkey; Type: CONSTRAINT; Schema: public; Owner: postgres
--

ALTER TABLE ONLY public.products_product
    ADD CONSTRAINT products_product_pkey PRIMARY KEY (id);


--
-- Name: products_product products_product_slug_key; Type: CONSTRAINT; Schema: public; Owner: postgres
--

ALTER TABLE ONLY public.products_product
    ADD CONSTRAINT products_product_slug_key UNIQUE (slug);


--
-- Name: products_productimage products_productimage_pkey; Type: CONSTRAINT; Schema: public; Owner: postgres
--

ALTER TABLE ONLY public.products_productimage
    ADD CONSTRAINT products_productimage_pkey PRIMARY KEY (id);


--
-- Name: products_productvariant products_productvariant_pkey; Type: CONSTRAINT; Schema: public; Owner: postgres
--

ALTER TABLE ONLY public.products_productvariant
    ADD CONSTRAINT products_productvariant_pkey PRIMARY KEY (id);


--
-- Name: products_wishlist products_wishlist_pkey; Type: CONSTRAINT; Schema: public; Owner: postgres
--

ALTER TABLE ONLY public.products_wishlist
    ADD CONSTRAINT products_wishlist_pkey PRIMARY KEY (id);


--
-- Name: products_wishlist products_wishlist_user_id_product_id_dcf61f93_uniq; Type: CONSTRAINT; Schema: public; Owner: postgres
--

ALTER TABLE ONLY public.products_wishlist
    ADD CONSTRAINT products_wishlist_user_id_product_id_dcf61f93_uniq UNIQUE (user_id, product_id);


--
-- Name: adminpanel_adminuser_email_43ca5e50_like; Type: INDEX; Schema: public; Owner: postgres
--

CREATE INDEX adminpanel_adminuser_email_43ca5e50_like ON public.adminpanel_adminuser USING btree (email varchar_pattern_ops);


--
-- Name: adminpanel_adminuser_username_364b08e3_like; Type: INDEX; Schema: public; Owner: postgres
--

CREATE INDEX adminpanel_adminuser_username_364b08e3_like ON public.adminpanel_adminuser USING btree (username varchar_pattern_ops);


--
-- Name: auth_group_name_a6ea08ec_like; Type: INDEX; Schema: public; Owner: postgres
--

CREATE INDEX auth_group_name_a6ea08ec_like ON public.auth_group USING btree (name varchar_pattern_ops);


--
-- Name: auth_group_permissions_group_id_b120cbf9; Type: INDEX; Schema: public; Owner: postgres
--

CREATE INDEX auth_group_permissions_group_id_b120cbf9 ON public.auth_group_permissions USING btree (group_id);


--
-- Name: auth_group_permissions_permission_id_84c5c92e; Type: INDEX; Schema: public; Owner: postgres
--

CREATE INDEX auth_group_permissions_permission_id_84c5c92e ON public.auth_group_permissions USING btree (permission_id);


--
-- Name: auth_permission_content_type_id_2f476e4b; Type: INDEX; Schema: public; Owner: postgres
--

CREATE INDEX auth_permission_content_type_id_2f476e4b ON public.auth_permission USING btree (content_type_id);


--
-- Name: auth_user_groups_group_id_97559544; Type: INDEX; Schema: public; Owner: postgres
--

CREATE INDEX auth_user_groups_group_id_97559544 ON public.auth_user_groups USING btree (group_id);


--
-- Name: auth_user_groups_user_id_6a12ed8b; Type: INDEX; Schema: public; Owner: postgres
--

CREATE INDEX auth_user_groups_user_id_6a12ed8b ON public.auth_user_groups USING btree (user_id);


--
-- Name: auth_user_user_permissions_permission_id_1fbb5f2c; Type: INDEX; Schema: public; Owner: postgres
--

CREATE INDEX auth_user_user_permissions_permission_id_1fbb5f2c ON public.auth_user_user_permissions USING btree (permission_id);


--
-- Name: auth_user_user_permissions_user_id_a95ead1b; Type: INDEX; Schema: public; Owner: postgres
--

CREATE INDEX auth_user_user_permissions_user_id_a95ead1b ON public.auth_user_user_permissions USING btree (user_id);


--
-- Name: auth_user_username_6821ab7c_like; Type: INDEX; Schema: public; Owner: postgres
--

CREATE INDEX auth_user_username_6821ab7c_like ON public.auth_user USING btree (username varchar_pattern_ops);


--
-- Name: customer_address_user_id_a05f8db3; Type: INDEX; Schema: public; Owner: postgres
--

CREATE INDEX customer_address_user_id_a05f8db3 ON public.customer_address USING btree (user_id);


--
-- Name: customer_bannerimage_banner_id_515c9e15; Type: INDEX; Schema: public; Owner: postgres
--

CREATE INDEX customer_bannerimage_banner_id_515c9e15 ON public.customer_bannerimage USING btree (banner_id);


--
-- Name: customer_userotp_user_id_2f34621e; Type: INDEX; Schema: public; Owner: postgres
--

CREATE INDEX customer_userotp_user_id_2f34621e ON public.customer_userotp USING btree (user_id);


--
-- Name: django_admin_log_content_type_id_c4bce8eb; Type: INDEX; Schema: public; Owner: postgres
--

CREATE INDEX django_admin_log_content_type_id_c4bce8eb ON public.django_admin_log USING btree (content_type_id);


--
-- Name: django_admin_log_user_id_c564eba6; Type: INDEX; Schema: public; Owner: postgres
--

CREATE INDEX django_admin_log_user_id_c564eba6 ON public.django_admin_log USING btree (user_id);


--
-- Name: django_session_expire_date_a5c62663; Type: INDEX; Schema: public; Owner: postgres
--

CREATE INDEX django_session_expire_date_a5c62663 ON public.django_session USING btree (expire_date);


--
-- Name: django_session_session_key_c0390e0f_like; Type: INDEX; Schema: public; Owner: postgres
--

CREATE INDEX django_session_session_key_c0390e0f_like ON public.django_session USING btree (session_key varchar_pattern_ops);


--
-- Name: orders_address_user_id_bac0072e; Type: INDEX; Schema: public; Owner: postgres
--

CREATE INDEX orders_address_user_id_bac0072e ON public.orders_address USING btree (user_id);


--
-- Name: orders_cartitem_cart_id_529df5fa; Type: INDEX; Schema: public; Owner: postgres
--

CREATE INDEX orders_cartitem_cart_id_529df5fa ON public.orders_cartitem USING btree (cart_id);


--
-- Name: orders_cartitem_variant_id_a3661000; Type: INDEX; Schema: public; Owner: postgres
--

CREATE INDEX orders_cartitem_variant_id_a3661000 ON public.orders_cartitem USING btree (variant_id);


--
-- Name: orders_order_address_id_0daf897b; Type: INDEX; Schema: public; Owner: postgres
--

CREATE INDEX orders_order_address_id_0daf897b ON public.orders_order USING btree (address_id);


--
-- Name: orders_order_user_id_e9b59eb1; Type: INDEX; Schema: public; Owner: postgres
--

CREATE INDEX orders_order_user_id_e9b59eb1 ON public.orders_order USING btree (user_id);


--
-- Name: orders_orderitem_order_id_fe61a34d; Type: INDEX; Schema: public; Owner: postgres
--

CREATE INDEX orders_orderitem_order_id_fe61a34d ON public.orders_orderitem USING btree (order_id);


--
-- Name: orders_orderitem_variant_id_5d350ded; Type: INDEX; Schema: public; Owner: postgres
--

CREATE INDEX orders_orderitem_variant_id_5d350ded ON public.orders_orderitem USING btree (variant_id);


--
-- Name: products_product_slug_70d3148d_like; Type: INDEX; Schema: public; Owner: postgres
--

CREATE INDEX products_product_slug_70d3148d_like ON public.products_product USING btree (slug varchar_pattern_ops);


--
-- Name: products_productimage_product_id_e747596a; Type: INDEX; Schema: public; Owner: postgres
--

CREATE INDEX products_productimage_product_id_e747596a ON public.products_productimage USING btree (product_id);


--
-- Name: products_productvariant_product_id_d9c22902; Type: INDEX; Schema: public; Owner: postgres
--

CREATE INDEX products_productvariant_product_id_d9c22902 ON public.products_productvariant USING btree (product_id);


--
-- Name: products_wishlist_product_id_7c798228; Type: INDEX; Schema: public; Owner: postgres
--

CREATE INDEX products_wishlist_product_id_7c798228 ON public.products_wishlist USING btree (product_id);


--
-- Name: products_wishlist_user_id_eea5692f; Type: INDEX; Schema: public; Owner: postgres
--

CREATE INDEX products_wishlist_user_id_eea5692f ON public.products_wishlist USING btree (user_id);


--
-- Name: auth_group_permissions auth_group_permissio_permission_id_84c5c92e_fk_auth_perm; Type: FK CONSTRAINT; Schema: public; Owner: postgres
--

ALTER TABLE ONLY public.auth_group_permissions
    ADD CONSTRAINT auth_group_permissio_permission_id_84c5c92e_fk_auth_perm FOREIGN KEY (permission_id) REFERENCES public.auth_permission(id) DEFERRABLE INITIALLY DEFERRED;


--
-- Name: auth_group_permissions auth_group_permissions_group_id_b120cbf9_fk_auth_group_id; Type: FK CONSTRAINT; Schema: public; Owner: postgres
--

ALTER TABLE ONLY public.auth_group_permissions
    ADD CONSTRAINT auth_group_permissions_group_id_b120cbf9_fk_auth_group_id FOREIGN KEY (group_id) REFERENCES public.auth_group(id) DEFERRABLE INITIALLY DEFERRED;


--
-- Name: auth_permission auth_permission_content_type_id_2f476e4b_fk_django_co; Type: FK CONSTRAINT; Schema: public; Owner: postgres
--

ALTER TABLE ONLY public.auth_permission
    ADD CONSTRAINT auth_permission_content_type_id_2f476e4b_fk_django_co FOREIGN KEY (content_type_id) REFERENCES public.django_content_type(id) DEFERRABLE INITIALLY DEFERRED;


--
-- Name: auth_user_groups auth_user_groups_group_id_97559544_fk_auth_group_id; Type: FK CONSTRAINT; Schema: public; Owner: postgres
--

ALTER TABLE ONLY public.auth_user_groups
    ADD CONSTRAINT auth_user_groups_group_id_97559544_fk_auth_group_id FOREIGN KEY (group_id) REFERENCES public.auth_group(id) DEFERRABLE INITIALLY DEFERRED;


--
-- Name: auth_user_groups auth_user_groups_user_id_6a12ed8b_fk_auth_user_id; Type: FK CONSTRAINT; Schema: public; Owner: postgres
--

ALTER TABLE ONLY public.auth_user_groups
    ADD CONSTRAINT auth_user_groups_user_id_6a12ed8b_fk_auth_user_id FOREIGN KEY (user_id) REFERENCES public.auth_user(id) DEFERRABLE INITIALLY DEFERRED;


--
-- Name: auth_user_user_permissions auth_user_user_permi_permission_id_1fbb5f2c_fk_auth_perm; Type: FK CONSTRAINT; Schema: public; Owner: postgres
--

ALTER TABLE ONLY public.auth_user_user_permissions
    ADD CONSTRAINT auth_user_user_permi_permission_id_1fbb5f2c_fk_auth_perm FOREIGN KEY (permission_id) REFERENCES public.auth_permission(id) DEFERRABLE INITIALLY DEFERRED;


--
-- Name: auth_user_user_permissions auth_user_user_permissions_user_id_a95ead1b_fk_auth_user_id; Type: FK CONSTRAINT; Schema: public; Owner: postgres
--

ALTER TABLE ONLY public.auth_user_user_permissions
    ADD CONSTRAINT auth_user_user_permissions_user_id_a95ead1b_fk_auth_user_id FOREIGN KEY (user_id) REFERENCES public.auth_user(id) DEFERRABLE INITIALLY DEFERRED;


--
-- Name: customer_address customer_address_user_id_a05f8db3_fk_auth_user_id; Type: FK CONSTRAINT; Schema: public; Owner: postgres
--

ALTER TABLE ONLY public.customer_address
    ADD CONSTRAINT customer_address_user_id_a05f8db3_fk_auth_user_id FOREIGN KEY (user_id) REFERENCES public.auth_user(id) DEFERRABLE INITIALLY DEFERRED;


--
-- Name: customer_bannerimage customer_bannerimage_banner_id_515c9e15_fk_customer_banner_id; Type: FK CONSTRAINT; Schema: public; Owner: postgres
--

ALTER TABLE ONLY public.customer_bannerimage
    ADD CONSTRAINT customer_bannerimage_banner_id_515c9e15_fk_customer_banner_id FOREIGN KEY (banner_id) REFERENCES public.customer_banner(id) DEFERRABLE INITIALLY DEFERRED;


--
-- Name: customer_userotp customer_userotp_user_id_2f34621e_fk_auth_user_id; Type: FK CONSTRAINT; Schema: public; Owner: postgres
--

ALTER TABLE ONLY public.customer_userotp
    ADD CONSTRAINT customer_userotp_user_id_2f34621e_fk_auth_user_id FOREIGN KEY (user_id) REFERENCES public.auth_user(id) DEFERRABLE INITIALLY DEFERRED;


--
-- Name: customer_userprofile customer_userprofile_user_id_2ee27a98_fk_auth_user_id; Type: FK CONSTRAINT; Schema: public; Owner: postgres
--

ALTER TABLE ONLY public.customer_userprofile
    ADD CONSTRAINT customer_userprofile_user_id_2ee27a98_fk_auth_user_id FOREIGN KEY (user_id) REFERENCES public.auth_user(id) DEFERRABLE INITIALLY DEFERRED;


--
-- Name: django_admin_log django_admin_log_content_type_id_c4bce8eb_fk_django_co; Type: FK CONSTRAINT; Schema: public; Owner: postgres
--

ALTER TABLE ONLY public.django_admin_log
    ADD CONSTRAINT django_admin_log_content_type_id_c4bce8eb_fk_django_co FOREIGN KEY (content_type_id) REFERENCES public.django_content_type(id) DEFERRABLE INITIALLY DEFERRED;


--
-- Name: django_admin_log django_admin_log_user_id_c564eba6_fk_auth_user_id; Type: FK CONSTRAINT; Schema: public; Owner: postgres
--

ALTER TABLE ONLY public.django_admin_log
    ADD CONSTRAINT django_admin_log_user_id_c564eba6_fk_auth_user_id FOREIGN KEY (user_id) REFERENCES public.auth_user(id) DEFERRABLE INITIALLY DEFERRED;


--
-- Name: orders_address orders_address_user_id_bac0072e_fk_auth_user_id; Type: FK CONSTRAINT; Schema: public; Owner: postgres
--

ALTER TABLE ONLY public.orders_address
    ADD CONSTRAINT orders_address_user_id_bac0072e_fk_auth_user_id FOREIGN KEY (user_id) REFERENCES public.auth_user(id) DEFERRABLE INITIALLY DEFERRED;


--
-- Name: orders_cart orders_cart_user_id_121a069e_fk_auth_user_id; Type: FK CONSTRAINT; Schema: public; Owner: postgres
--

ALTER TABLE ONLY public.orders_cart
    ADD CONSTRAINT orders_cart_user_id_121a069e_fk_auth_user_id FOREIGN KEY (user_id) REFERENCES public.auth_user(id) DEFERRABLE INITIALLY DEFERRED;


--
-- Name: orders_cartitem orders_cartitem_cart_id_529df5fa_fk_orders_cart_id; Type: FK CONSTRAINT; Schema: public; Owner: postgres
--

ALTER TABLE ONLY public.orders_cartitem
    ADD CONSTRAINT orders_cartitem_cart_id_529df5fa_fk_orders_cart_id FOREIGN KEY (cart_id) REFERENCES public.orders_cart(id) DEFERRABLE INITIALLY DEFERRED;


--
-- Name: orders_cartitem orders_cartitem_variant_id_a3661000_fk_products_; Type: FK CONSTRAINT; Schema: public; Owner: postgres
--

ALTER TABLE ONLY public.orders_cartitem
    ADD CONSTRAINT orders_cartitem_variant_id_a3661000_fk_products_ FOREIGN KEY (variant_id) REFERENCES public.products_productvariant(id) DEFERRABLE INITIALLY DEFERRED;


--
-- Name: orders_order orders_order_address_id_0daf897b_fk_orders_address_id; Type: FK CONSTRAINT; Schema: public; Owner: postgres
--

ALTER TABLE ONLY public.orders_order
    ADD CONSTRAINT orders_order_address_id_0daf897b_fk_orders_address_id FOREIGN KEY (address_id) REFERENCES public.orders_address(id) DEFERRABLE INITIALLY DEFERRED;


--
-- Name: orders_order orders_order_user_id_e9b59eb1_fk_auth_user_id; Type: FK CONSTRAINT; Schema: public; Owner: postgres
--

ALTER TABLE ONLY public.orders_order
    ADD CONSTRAINT orders_order_user_id_e9b59eb1_fk_auth_user_id FOREIGN KEY (user_id) REFERENCES public.auth_user(id) DEFERRABLE INITIALLY DEFERRED;


--
-- Name: orders_orderitem orders_orderitem_order_id_fe61a34d_fk_orders_order_id; Type: FK CONSTRAINT; Schema: public; Owner: postgres
--

ALTER TABLE ONLY public.orders_orderitem
    ADD CONSTRAINT orders_orderitem_order_id_fe61a34d_fk_orders_order_id FOREIGN KEY (order_id) REFERENCES public.orders_order(id) DEFERRABLE INITIALLY DEFERRED;


--
-- Name: orders_orderitem orders_orderitem_variant_id_5d350ded_fk_products_; Type: FK CONSTRAINT; Schema: public; Owner: postgres
--

ALTER TABLE ONLY public.orders_orderitem
    ADD CONSTRAINT orders_orderitem_variant_id_5d350ded_fk_products_ FOREIGN KEY (variant_id) REFERENCES public.products_productvariant(id) DEFERRABLE INITIALLY DEFERRED;


--
-- Name: products_productimage products_productimag_product_id_e747596a_fk_products_; Type: FK CONSTRAINT; Schema: public; Owner: postgres
--

ALTER TABLE ONLY public.products_productimage
    ADD CONSTRAINT products_productimag_product_id_e747596a_fk_products_ FOREIGN KEY (product_id) REFERENCES public.products_product(id) DEFERRABLE INITIALLY DEFERRED;


--
-- Name: products_productvariant products_productvari_product_id_d9c22902_fk_products_; Type: FK CONSTRAINT; Schema: public; Owner: postgres
--

ALTER TABLE ONLY public.products_productvariant
    ADD CONSTRAINT products_productvari_product_id_d9c22902_fk_products_ FOREIGN KEY (product_id) REFERENCES public.products_product(id) DEFERRABLE INITIALLY DEFERRED;


--
-- Name: products_wishlist products_wishlist_product_id_7c798228_fk_products_product_id; Type: FK CONSTRAINT; Schema: public; Owner: postgres
--

ALTER TABLE ONLY public.products_wishlist
    ADD CONSTRAINT products_wishlist_product_id_7c798228_fk_products_product_id FOREIGN KEY (product_id) REFERENCES public.products_product(id) DEFERRABLE INITIALLY DEFERRED;


--
-- Name: products_wishlist products_wishlist_user_id_eea5692f_fk_auth_user_id; Type: FK CONSTRAINT; Schema: public; Owner: postgres
--

ALTER TABLE ONLY public.products_wishlist
    ADD CONSTRAINT products_wishlist_user_id_eea5692f_fk_auth_user_id FOREIGN KEY (user_id) REFERENCES public.auth_user(id) DEFERRABLE INITIALLY DEFERRED;


--
-- PostgreSQL database dump complete
--

\unrestrict AgMr8JLhPoUOjpecKOEAT6vIK7IxPEusOeic071axNNayBNx7PMPexCa1wDebXx

